"Name","Quantity","Price","Total Sales","Hour"
"Avo / Port Salad","3","11.19","33.58","10"
"Bistek Guadalajara","1","13.80","13.80","10"
"Carnitas","1","10.30","10.30","10"
"Carnitas Burrito","1","8.10","8.10","10"
"Chicken Burrito","1","8.10","8.10","10"
"Chicken Quesadilla","2","9.29","18.58","10"
"Chips and Salsa_","1","3.80","3.80","10"
"Enchiladas Mexicanas","5","9.80","49.00","10"
"Enchiladas Nortenas","2","10.30","20.60","10"
"Enchiladas Verdes","1","9.80","9.80","10"
"Ensalada Adobo","1","9.60","9.60","10"
"Ensalada El Sol","1","6.80","6.80","10"
"Fajita Burrito","3","8.90","26.70","10"
"Fajita Salad","2","9.89","19.78","10"
"Flautas Zapata","2","9.80","19.60","10"
"Fountain","1","2.20","2.20","10"
"Guacamole","5","7.90","39.50","10"
"Huevos Con Burrito","1","8.10","8.10","10"
"Misc","4","46.81","187.25","10"
"Mixed Taco Platter","2","10.60","21.20","10"
"Personal Chips n Salsa","1","2.40","2.40","10"
"Platt Carne Asada Taco","3","9.90","29.70","10"
"Platt Chick Fiest Taco","2","9.90","19.80","10"
"Platt Grill Fish Tacos","1","10.60","10.60","10"
"Platter Camarones Taco","6","10.60","63.60","10"
"Platter Carnitas Tacos","2","9.90","19.80","10"
"Platter Chicken Tacos","2","9.90","19.80","10"
"Platter Chorizo Tacos","2","9.90","19.80","10"
"Platter Veggie Tacos","2","9.90","19.80","10"
"PlatterTacos Rancheros","7","9.90","69.30","10"
"Shrimp Burrito","4","8.90","35.60","10"
"Shrimp Fajitas","2","14.05","28.10","10"
"Side Sour Cream","1","0.70","0.70","10"
"Signle Carne Asada Tac","1","3.40","3.40","10"
"Sing Chick Fiest Taco","2","3.40","6.80","10"
"Single Carnitas Taco","2","3.40","6.80","10"
"Single Chorizo Taco","2","3.40","6.80","10"
"Single Fried Fish Taco","1","3.60","3.60","10"
"Single Tamale","2","3.99","7.98","10"
"Smothered Burrito","7","8.90","62.30","10"
"Soup of The Day","1","2.99","2.99","10"
"Steak Burrito","1","8.10","8.10","10"
"Steak Fajitas","1","12.80","12.80","10"
"Taco Salad","4","9.34","37.38","10"
"Veggie Fajitas","1","12.80","12.80","10"
"Veggie Quesadill","2","9.10","18.20","10"
"Add Chorizo","15","2.00","30.00","11"
"Avo / Port Salad","64","10.89","696.92","11"
"Bean veggie Burrito","52","8.30","431.70","11"
"Bistek Guadalajara","14","13.80","193.20","11"
"bottle Juice","6","3.10","18.60","11"
"Bottled Water","68","1.99","135.32","11"
"Burrito Verde","244","8.91","2173.60","11"
"Carnitas","59","10.30","607.70","11"
"Carnitas Burrito","47","8.51","399.95","11"
"Ceviche Acapulco","27","9.90","267.30","11"
"Ceviche Tilapia","22","8.60","189.20","11"
"Cheese Quesadilla","23","8.80","202.40","11"
"Chicken Burrito","119","8.31","988.40","11"
"Chicken Fajitas","90","11.87","1068.27","11"
"Chicken Flautas","74","7.90","584.60","11"
"Chicken Quesadilla","189","9.29","1755.81","11"
"Chili Burrito","44","9.00","395.90","11"
"Chili Nachos","31","9.20","285.20","11"
"Chips and Salsa_","635","3.80","2413.00","11"
"Churro Sundae","2","4.90","9.80","11"
"Coke","14","2.20","30.80","11"
"Crab Enchiladas Verdes","14","11.80","165.20","11"
"Diet Coke","29","2.20","63.80","11"
"Enchiladas De Camaron","38","10.80","410.40","11"
"Enchiladas Mexicanas","350","9.81","3432.75","11"
"Enchiladas Nortenas","11","10.30","113.30","11"
"Enchiladas Verdes","215","9.80","2107.00","11"
"Ensalada Adobo","51","10.04","512.10","11"
"Ensalada El Sol","29","9.19","266.43","11"
"Ensalada Romana","24","10.43","250.20","11"
"Fajita Burrito","193","9.20","1776.20","11"
"Fajita Salad","56","9.83","550.50","11"
"Fajitas De Mariscos","3","14.80","44.40","11"
"Fajitas Mixtas","61","13.99","853.25","11"
"Fiesta Salad","79","10.44","824.73","11"
"Flan","9","4.90","44.10","11"
"Flautas Zapata","61","9.80","597.80","11"
"Fountain","1933","2.20","4253.70","11"
"Fried Ice Cream","11","4.90","53.90","11"
"Grapefruit Jarrito","3","2.60","7.80","11"
"Guacamole","179","7.90","1414.10","11"
"Huevos Con Burrito","86","8.51","731.60","11"
"Huevos Rancheros","35","10.80","378.00","11"
"Kids Cup","7","1.69","11.83","11"
"Mandarin Jarrito","14","2.60","36.40","11"
"Mango Jarrito","22","2.60","57.20","11"
"Mexican COKE","63","2.99","188.37","11"
"Mexican Soda","118","2.60","306.80","11"
"Misc","284","3.32","942.95","11"
"Mixed Taco Platter","261","10.60","2766.60","11"
"Personal Chips n Salsa","183","2.40","439.20","11"
"Pineapple Jarrito","10","2.60","26.00","11"
"Platt Carne Asada Taco","202","9.90","2000.30","11"
"Platt Chick Fiest Taco","88","9.91","871.70","11"
"Platt Fried Fish Taco","37","10.60","392.20","11"
"Platt Grill Fish Tacos","109","10.60","1155.40","11"
"Platter Camarones Taco","121","10.60","1282.60","11"
"Platter Carnitas Tacos","83","9.91","822.45","11"
"Platter Chicken Tacos","120","9.90","1188.00","11"
"Platter Chorizo Tacos","69","9.91","683.85","11"
"Platter Veggie Tacos","43","9.90","425.70","11"
"PlatterTacos Rancheros","180","9.90","1782.75","11"
"Pollo Costeno","9","12.80","115.20","11"
"Pollo Verde","12","12.80","153.60","11"
"Pull Pork Enchilada","39","10.80","421.20","11"
"Queso blanco","70","5.80","406.00","11"
"Raspberry Tea","29","2.20","63.80","11"
"Red White and Green","18","10.20","183.60","11"
"Shrimp Burrito","106","9.26","981.90","11"
"Shrimp Fajitas","27","13.99","377.69","11"
"Shrimp n Scallops Pica","9","9.90","89.10","11"
"Shrimp Quesadilla","29","10.30","298.70","11"
"Side Cheese","15","1.70","25.50","11"
"Side Guacamole","127","1.70","215.90","11"
"Side pico de gallo","7","1.70","11.90","11"
"Side Refried Beans","32","1.90","60.80","11"
"Side Rice","74","1.90","140.60","11"
"Side Salsa Large","14","2.50","35.00","11"
"Side Salsa small","14","1.70","23.80","11"
"Side Sour Cream","121","0.70","84.70","11"
"Side Veggie Beans","5","1.90","9.50","11"
"Signle Carne Asada Tac","87","3.40","295.80","11"
"Sing Chick Fiest Taco","32","3.40","108.80","11"
"Single Camarones Taco","36","3.60","129.60","11"
"Single Carnitas Taco","60","3.45","207.18","11"
"Single Chicken Taco","71","3.40","241.40","11"
"Single Chorizo Taco","24","3.40","81.60","11"
"Single Fried Fish Taco","22","3.60","79.20","11"
"Single Grill Fish Taco","48","3.60","172.80","11"
"Single Tacos Rancheros","34","3.40","115.60","11"
"Single Tamale","53","4.02","212.97","11"
"Single Veggie Taco","5","3.40","17.00","11"
"Smothered Burrito","434","8.90","3862.60","11"
"Soup of The Day","8","3.87","30.92","11"
"Sprite","7","2.20","15.40","11"
"Steak Burrito","119","8.31","989.15","11"
"Steak Fajitas","57","12.92","736.57","11"
"Steak Quesadillas","5","10.15","50.75","11"
"Steak Verde","18","12.80","230.40","11"
"Strawberry Jarrito","5","2.60","13.00","11"
"Taco Salad","144","10.49","1510.18","11"
"Tamale Platter","21","13.99","293.79","11"
"Tilapia Jalisco","9","12.80","115.20","11"
"Tres Leches","20","5.10","102.00","11"
"Veggie Fajitas","9","12.80","115.20","11"
"Veggie Quesadill","26","9.10","236.60","11"
"Add Chorizo","20","2.00","40.00","12"
"Avo / Port Salad","107","10.87","1162.78","12"
"Bean veggie Burrito","70","8.47","592.93","12"
"Bistek Guadalajara","14","13.80","193.20","12"
"bottle Juice","24","3.16","75.72","12"
"Bottled Water","101","1.99","200.99","12"
"Burrito Verde","321","8.90","2857.65","12"
"Carnitas","84","10.31","866.20","12"
"Carnitas Burrito","52","8.20","426.45","12"
"Ceviche Acapulco","52","9.88","513.81","12"
"Ceviche Tilapia","43","8.60","369.80","12"
"Cheese Quesadilla","77","8.81","678.60","12"
"Chicken Burrito","191","8.26","1577.35","12"
"Chicken Fajitas","155","11.96","1854.46","12"
"Chicken Flautas","99","7.92","783.69","12"
"Chicken Quesadilla","230","9.33","2146.00","12"
"Chili Burrito","71","9.39","666.60","12"
"Chili Nachos","52","9.20","478.40","12"
"Chips and Salsa_","857","3.80","3256.60","12"
"Churro Sundae","15","4.90","73.50","12"
"Coke","35","2.20","77.00","12"
"Crab Enchiladas Verdes","32","11.80","377.60","12"
"Diet Coke","39","2.20","85.80","12"
"Enchiladas De Camaron","55","10.80","594.00","12"
"Enchiladas Mexicanas","337","9.80","3303.10","12"
"Enchiladas Nortenas","18","10.30","185.40","12"
"Enchiladas Verdes","329","9.80","3224.20","12"
"Ensalada Adobo","42","9.86","414.22","12"
"Ensalada El Sol","21","9.24","194.12","12"
"Ensalada Romana","26","9.59","249.45","12"
"Fajita Burrito","249","9.17","2283.60","12"
"Fajita Salad","66","10.06","664.28","12"
"Fajitas De Mariscos","15","14.83","222.50","12"
"Fajitas Mixtas","89","13.90","1237.06","12"
"Fiesta Salad","87","10.43","907.44","12"
"Flan","11","4.90","53.90","12"
"Flautas Zapata","72","9.81","706.35","12"
"Fountain","3261","2.20","7174.20","12"
"Fried Ice Cream","10","4.90","49.00","12"
"Glass Margarita","1","3.50","3.50","12"
"Grapefruit Jarrito","6","2.60","15.60","12"
"Guacamole","246","7.90","1943.40","12"
"Huevos Con Burrito","91","8.37","761.60","12"
"Huevos Rancheros","15","10.80","162.00","12"
"Kids Cup","16","1.69","27.04","12"
"Mandarin Jarrito","17","2.60","44.20","12"
"Mango Jarrito","34","2.60","88.40","12"
"Mexican COKE","102","2.99","304.98","12"
"Mexican Soda","249","2.60","647.40","12"
"Misc","324","4.84","1568.76","12"
"Mixed Taco Platter","419","10.60","4441.40","12"
"Personal Chips n Salsa","252","2.40","604.80","12"
"Pineapple Jarrito","28","2.60","72.80","12"
"Platt Carne Asada Taco","310","9.90","3069.00","12"
"Platt Chick Fiest Taco","114","9.90","1128.60","12"
"Platt Fried Fish Taco","52","10.60","551.20","12"
"Platt Grill Fish Tacos","160","10.60","1696.00","12"
"Platter Camarones Taco","140","10.60","1484.00","12"
"Platter Carnitas Tacos","110","9.90","1089.00","12"
"Platter Chicken Tacos","179","9.90","1772.10","12"
"Platter Chorizo Tacos","76","9.90","752.40","12"
"Platter Veggie Tacos","56","9.90","554.40","12"
"PlatterTacos Rancheros","255","9.90","2525.25","12"
"Pollo Costeno","23","12.80","294.40","12"
"Pollo Verde","35","12.80","448.00","12"
"Pull Pork Enchilada","51","10.80","550.80","12"
"Queso blanco","101","5.80","585.80","12"
"Raspberry Tea","39","2.20","85.80","12"
"Red White and Green","21","10.20","214.20","12"
"Shrimp Burrito","133","9.44","1255.45","12"
"Shrimp Fajitas","35","13.86","485.00","12"
"Shrimp n Scallops Pica","7","9.90","69.30","12"
"Shrimp Quesadilla","53","10.30","545.90","12"
"Side Cheese","21","1.70","35.70","12"
"Side Guacamole","152","1.70","258.40","12"
"Side pico de gallo","10","1.70","17.00","12"
"Side Refried Beans","67","1.90","127.30","12"
"Side Rice","133","1.90","252.70","12"
"Side Salsa Large","19","2.50","47.50","12"
"Side Salsa small","14","1.70","23.80","12"
"Side Sour Cream","139","0.70","97.30","12"
"Side Veggie Beans","7","1.90","13.30","12"
"Signle Carne Asada Tac","131","3.42","448.58","12"
"Sing Chick Fiest Taco","28","3.40","95.20","12"
"Single Camarones Taco","62","3.60","223.20","12"
"Single Carnitas Taco","72","3.40","244.80","12"
"Single Chicken Taco","107","3.43","366.98","12"
"Single Chorizo Taco","40","3.40","136.00","12"
"Single Fried Fish Taco","21","3.60","75.60","12"
"Single Grill Fish Taco","66","3.60","237.60","12"
"Single Tacos Rancheros","53","3.40","180.20","12"
"Single Tamale","93","3.99","371.07","12"
"Single Veggie Taco","31","3.40","105.40","12"
"Smothered Burrito","610","8.91","5435.59","12"
"Soup of The Day","13","3.76","48.87","12"
"Sprite","14","2.20","30.80","12"
"Steak Burrito","146","8.26","1205.35","12"
"Steak Fajitas","92","12.87","1184.46","12"
"Steak Quesadillas","6","10.15","60.90","12"
"Steak Verde","34","12.80","435.20","12"
"Strawberry Jarrito","12","2.60","31.20","12"
"Taco Salad","189","10.53","1990.97","12"
"Tamale Platter","48","13.99","671.52","12"
"Tilapia Jalisco","8","12.80","102.40","12"
"Tres Leches","36","5.10","183.60","12"
"Veggie Fajitas","16","12.80","204.80","12"
"Veggie Quesadill","20","9.10","182.00","12"
"Add Chorizo","15","2.00","30.00","13"
"Avo / Port Salad","28","10.69","299.46","13"
"Bean veggie Burrito","35","8.50","297.50","13"
"Bistek Guadalajara","18","13.80","248.40","13"
"bottle Juice","10","2.99","29.90","13"
"Bottled Water","57","1.99","113.43","13"
"Burrito Verde","86","8.90","765.40","13"
"Carnitas","40","10.30","412.00","13"
"Carnitas Burrito","22","8.26","181.70","13"
"Ceviche Acapulco","17","9.90","168.30","13"
"Ceviche Tilapia","16","8.60","137.60","13"
"Cheese Quesadilla","17","8.80","149.60","13"
"Chicken Burrito","61","8.19","499.35","13"
"Chicken Fajitas","71","11.88","843.27","13"
"Chicken Flautas","32","7.90","252.80","13"
"Chicken Quesadilla","76","9.29","706.04","13"
"Chili Burrito","14","8.85","123.90","13"
"Chili Nachos","25","9.20","230.00","13"
"Chips and Salsa_","332","3.80","1261.60","13"
"Churro Sundae","11","4.90","53.90","13"
"Coke","19","2.20","41.80","13"
"Crab Enchiladas Verdes","17","11.80","200.60","13"
"Diet Coke","13","2.20","28.60","13"
"Enchiladas De Camaron","26","10.80","280.80","13"
"Enchiladas Mexicanas","147","9.81","1442.10","13"
"Enchiladas Nortenas","4","10.30","41.20","13"
"Enchiladas Verdes","122","9.80","1195.60","13"
"Ensalada Adobo","12","9.77","117.20","13"
"Ensalada El Sol","9","8.46","76.14","13"
"Ensalada Romana","7","10.52","73.64","13"
"Fajita Burrito","91","9.27","843.15","13"
"Fajita Salad","11","10.25","112.79","13"
"Fajitas De Mariscos","7","14.80","103.60","13"
"Fajitas Mixtas","52","13.90","722.98","13"
"Fiesta Salad","12","10.76","129.09","13"
"Flan","15","4.90","73.50","13"
"Flautas Zapata","33","9.80","323.40","13"
"Fountain","1094","2.20","2406.80","13"
"Fried Ice Cream","22","4.90","107.80","13"
"Grapefruit Jarrito","3","2.60","7.80","13"
"Guacamole","131","7.90","1034.90","13"
"Huevos Con Burrito","24","8.46","203.15","13"
"Huevos Rancheros","5","10.80","54.00","13"
"Kids Cup","6","1.69","10.14","13"
"Mandarin Jarrito","13","2.60","33.80","13"
"Mango Jarrito","27","2.60","70.20","13"
"Mexican COKE","41","2.99","122.59","13"
"Mexican Soda","166","2.60","431.60","13"
"Misc","173","2.50","432.31","13"
"Mixed Taco Platter","172","10.60","1823.20","13"
"Personal Chips n Salsa","99","2.40","237.60","13"
"Pineapple Jarrito","27","2.60","70.20","13"
"Platt Carne Asada Taco","146","9.90","1445.40","13"
"Platt Chick Fiest Taco","46","9.90","455.40","13"
"Platt Fried Fish Taco","25","10.60","265.00","13"
"Platt Grill Fish Tacos","51","10.60","540.60","13"
"Platter Camarones Taco","59","10.60","625.40","13"
"Platter Carnitas Tacos","55","9.86","542.50","13"
"Platter Chicken Tacos","79","9.84","777.10","13"
"Platter Chorizo Tacos","36","9.90","356.40","13"
"Platter Veggie Tacos","26","9.90","257.40","13"
"PlatterTacos Rancheros","104","9.90","1029.60","13"
"Pollo Costeno","10","12.80","128.00","13"
"Pollo Verde","10","12.80","128.00","13"
"Pull Pork Enchilada","16","10.80","172.80","13"
"Queso blanco","52","5.80","301.60","13"
"Raspberry Tea","12","2.20","26.40","13"
"Red White and Green","13","10.20","132.60","13"
"Shrimp Burrito","73","9.45","689.95","13"
"Shrimp Fajitas","21","13.82","290.30","13"
"Shrimp n Scallops Pica","8","9.90","79.20","13"
"Shrimp Quesadilla","22","10.30","226.60","13"
"Side Cheese","11","1.70","18.70","13"
"Side Guacamole","81","1.70","137.70","13"
"Side pico de gallo","7","1.70","11.90","13"
"Side Refried Beans","46","1.90","87.40","13"
"Side Rice","75","1.90","142.50","13"
"Side Salsa Large","11","2.50","27.50","13"
"Side Salsa small","10","1.70","17.00","13"
"Side Sour Cream","67","0.70","46.90","13"
"Signle Carne Asada Tac","72","3.44","247.98","13"
"Sing Chick Fiest Taco","11","3.40","37.40","13"
"Single Camarones Taco","17","3.60","61.20","13"
"Single Carnitas Taco","39","3.40","132.60","13"
"Single Chicken Taco","64","3.45","220.78","13"
"Single Chorizo Taco","21","3.40","71.40","13"
"Single Fried Fish Taco","9","3.60","32.40","13"
"Single Grill Fish Taco","17","3.60","61.20","13"
"Single Tacos Rancheros","35","3.40","119.00","13"
"Single Tamale","62","3.99","247.38","13"
"Single Veggie Taco","5","3.40","17.00","13"
"Smothered Burrito","209","8.90","1860.10","13"
"Soup of The Day","4","3.24","12.96","13"
"Sprite","6","2.20","13.20","13"
"Steak Burrito","59","8.20","483.65","13"
"Steak Fajitas","40","12.98","519.00","13"
"Steak Quesadillas","6","10.15","60.90","13"
"Steak Verde","19","12.80","243.20","13"
"Strawberry Jarrito","13","2.60","33.80","13"
"Taco Salad","68","10.47","711.80","13"
"Tamale Platter","18","13.99","251.82","13"
"Tilapia Jalisco","6","12.80","76.80","13"
"Tres Leches","26","5.10","132.60","13"
"Veggie Fajitas","9","12.98","116.79","13"
"Veggie Quesadill","11","8.92","98.10","13"
"Add Chorizo","8","2.00","16.00","14"
"Avo / Port Salad","20","11.14","222.87","14"
"Bean veggie Burrito","20","8.36","167.25","14"
"Bistek Guadalajara","13","13.80","179.40","14"
"bottle Juice","9","3.14","28.23","14"
"Bottled Water","29","1.99","57.71","14"
"Burrito Verde","75","8.90","667.50","14"
"Carnitas","25","10.30","257.50","14"
"Carnitas Burrito","20","8.45","169.00","14"
"Ceviche Acapulco","18","9.90","178.20","14"
"Ceviche Tilapia","17","8.60","146.20","14"
"Cheese Quesadilla","18","8.80","158.40","14"
"Chicken Burrito","34","8.10","275.40","14"
"Chicken Fajitas","30","12.03","360.97","14"
"Chicken Flautas","22","7.90","173.80","14"
"Chicken Quesadilla","37","9.29","343.73","14"
"Chili Burrito","9","8.60","77.40","14"
"Chili Nachos","30","9.20","276.00","14"
"Chips and Salsa_","183","3.80","695.40","14"
"Churro Sundae","5","4.90","24.50","14"
"Coke","20","2.20","44.00","14"
"Crab Enchiladas Verdes","9","11.80","106.20","14"
"Diet Coke","10","2.20","22.00","14"
"Enchiladas De Camaron","8","10.80","86.40","14"
"Enchiladas Mexicanas","77","9.80","754.60","14"
"Enchiladas Nortenas","1","10.30","10.30","14"
"Enchiladas Verdes","60","9.83","589.59","14"
"Ensalada Adobo","5","9.60","48.00","14"
"Ensalada El Sol","2","9.79","19.58","14"
"Ensalada Romana","4","11.09","44.36","14"
"Fajita Burrito","45","9.25","416.25","14"
"Fajita Salad","7","10.28","71.99","14"
"Fajitas De Mariscos","6","14.80","88.80","14"
"Fajitas Mixtas","18","13.94","250.90","14"
"Fiesta Salad","5","11.19","55.95","14"
"Flan","4","4.90","19.60","14"
"Flautas Zapata","12","9.80","117.60","14"
"Fountain","496","2.20","1091.20","14"
"Fried Ice Cream","13","4.90","63.70","14"
"Grapefruit Jarrito","4","2.60","10.40","14"
"Guacamole","81","7.90","639.90","14"
"Huevos Con Burrito","13","8.23","107.05","14"
"Huevos Rancheros","2","10.80","21.60","14"
"Kids Cup","3","1.69","5.07","14"
"Mandarin Jarrito","5","2.60","13.00","14"
"Mango Jarrito","10","2.60","26.00","14"
"Mexican COKE","20","2.99","59.80","14"
"Mexican Soda","118","2.60","306.80","14"
"Misc","145","4.68","679.15","14"
"Mixed Taco Platter","112","10.60","1187.20","14"
"Personal Chips n Salsa","67","2.40","160.80","14"
"Pineapple Jarrito","7","2.60","18.20","14"
"Platt Carne Asada Taco","85","9.92","843.09","14"
"Platt Chick Fiest Taco","16","9.90","158.40","14"
"Platt Fried Fish Taco","13","10.60","137.80","14"
"Platt Grill Fish Tacos","32","10.60","339.20","14"
"Platter Camarones Taco","23","10.60","243.80","14"
"Platter Carnitas Tacos","33","9.90","326.70","14"
"Platter Chicken Tacos","62","9.90","613.80","14"
"Platter Chorizo Tacos","15","9.90","148.50","14"
"Platter Veggie Tacos","20","9.90","198.00","14"
"PlatterTacos Rancheros","51","9.93","506.49","14"
"Pollo Costeno","7","12.80","89.60","14"
"Pollo Verde","7","12.80","89.60","14"
"Pull Pork Enchilada","12","10.80","129.60","14"
"Queso blanco","40","5.80","232.00","14"
"Raspberry Tea","11","2.20","24.20","14"
"Red White and Green","8","10.20","81.60","14"
"Shrimp Burrito","33","9.22","304.20","14"
"Shrimp Fajitas","11","13.80","151.80","14"
"Shrimp n Scallops Pica","1","9.90","9.90","14"
"Shrimp Quesadilla","9","10.30","92.70","14"
"Side Cheese","7","1.70","11.90","14"
"Side Guacamole","58","1.70","98.60","14"
"Side pico de gallo","6","1.70","10.20","14"
"Side Refried Beans","30","1.90","57.00","14"
"Side Rice","90","1.90","171.00","14"
"Side Salsa Large","22","2.50","55.00","14"
"Side Salsa small","2","1.70","3.40","14"
"Side Sour Cream","68","0.70","47.60","14"
"Side Veggie Beans","1","1.90","1.90","14"
"Signle Carne Asada Tac","56","3.40","190.40","14"
"Signle Carne Asada Tac -","118","1.00","118.00","14"
"Sing Chick Fiest Taco","17","3.40","57.80","14"
"Single Camarones Taco","10","3.60","36.00","14"
"Single Carnitas Taco","23","3.40","78.20","14"
"Single Carnitas Taco - 1","129","1.00","129.00","14"
"Single Chicken Taco","34","3.40","115.60","14"
"Single Chicken Taco - 1T","94","1.00","94.00","14"
"Single Chorizo Taco","20","3.40","68.00","14"
"Single Fried Fish Taco","22","3.60","79.20","14"
"Single Grill Fish Taco","15","3.60","54.00","14"
"Single Tacos Rancheros","10","3.40","34.00","14"
"Single Tamale","29","3.99","115.71","14"
"Single Veggie Taco","4","3.40","13.60","14"
"Smothered Burrito","136","8.91","1211.99","14"
"Soup of The Day","11","3.81","41.89","14"
"Sprite","11","2.20","24.20","14"
"Steak Burrito","35","8.25","288.75","14"
"Steak Fajitas","20","12.91","258.29","14"
"Steak Quesadillas","5","10.15","50.75","14"
"Steak Verde","9","12.80","115.20","14"
"Strawberry Jarrito","3","2.60","7.80","14"
"Taco Salad","22","10.30","226.53","14"
"Tamale Platter","5","13.99","69.95","14"
"Tilapia Jalisco","5","12.80","64.00","14"
"Tres Leches","23","5.10","117.30","14"
"Veggie Fajitas","5","13.12","65.59","14"
"Veggie Quesadill","5","9.10","45.50","14"
"Add Chorizo","3","2.00","6.00","15"
"Avo / Port Salad","8","11.25","90.04","15"
"Bean veggie Burrito","21","8.10","170.10","15"
"Bistek Guadalajara","12","13.80","165.60","15"
"bottle Juice","2","2.99","5.98","15"
"Bottled Water","17","1.99","33.83","15"
"Burrito Verde","40","8.90","356.00","15"
"Carnitas","16","10.30","164.80","15"
"Carnitas Burrito","8","8.32","66.55","15"
"Ceviche Acapulco","13","9.90","128.70","15"
"Ceviche Tilapia","16","8.60","137.60","15"
"Cheese Quesadilla","20","9.02","180.40","15"
"Chicken Burrito","24","8.10","194.40","15"
"Chicken Fajitas","42","11.84","497.19","15"
"Chicken Flautas","31","7.90","244.90","15"
"Chicken Quesadilla","54","9.29","501.66","15"
"Chili Burrito","7","8.85","61.95","15"
"Chili Nachos","11","9.25","101.70","15"
"Chips and Salsa_","131","3.78","495.80","15"
"Churro Sundae","5","4.90","24.50","15"
"Coke","1","2.20","2.20","15"
"Crab Enchiladas Verdes","13","11.80","153.40","15"
"Diet Coke","5","2.20","11.00","15"
"Enchiladas De Camaron","12","10.80","129.60","15"
"Enchiladas Mexicanas","59","9.80","578.20","15"
"Enchiladas Nortenas","2","10.30","20.60","15"
"Enchiladas Verdes","65","9.80","637.00","15"
"Ensalada Adobo","4","10.10","40.40","15"
"Ensalada El Sol","6","8.96","53.75","15"
"Ensalada Romana","3","8.10","24.30","15"
"Fajita Burrito","43","9.20","395.70","15"
"Fajita Salad","7","10.39","72.73","15"
"Fajitas De Mariscos","5","14.80","74.00","15"
"Fajitas Mixtas","32","14.33","458.56","15"
"Fiesta Salad","4","10.84","43.36","15"
"Flan","4","4.90","19.60","15"
"Flautas Zapata","24","9.80","235.20","15"
"Fountain","379","2.20","833.80","15"
"Fried Ice Cream","10","4.90","49.00","15"
"Grapefruit Jarrito","3","2.60","7.80","15"
"Guacamole","81","7.90","639.90","15"
"Huevos Con Burrito","11","8.26","90.85","15"
"Huevos Rancheros","5","10.80","54.00","15"
"Kids Cup","1","1.69","1.69","15"
"Mandarin Jarrito","6","2.60","15.60","15"
"Mango Jarrito","9","2.60","23.40","15"
"Mexican COKE","11","2.99","32.89","15"
"Mexican Soda","76","2.60","197.60","15"
"Misc","98","3.53","346.33","15"
"Mixed Taco Platter","86","10.60","911.60","15"
"Personal Chips n Salsa","48","2.40","115.20","15"
"Platt Carne Asada Taco","91","9.94","904.49","15"
"Platt Chick Fiest Taco","17","9.90","168.30","15"
"Platt Fried Fish Taco","11","10.60","116.60","15"
"Platt Grill Fish Tacos","55","10.60","583.00","15"
"Platter Camarones Taco","31","10.60","328.60","15"
"Platter Carnitas Tacos","21","9.90","207.90","15"
"Platter Chicken Tacos","47","9.90","465.30","15"
"Platter Chorizo Tacos","10","9.90","99.00","15"
"Platter Veggie Tacos","14","9.90","138.60","15"
"PlatterTacos Rancheros","29","9.90","287.10","15"
"Pollo Costeno","4","12.80","51.20","15"
"Pollo Verde","4","12.80","51.20","15"
"Pull Pork Enchilada","9","10.80","97.20","15"
"Queso blanco","24","5.80","139.20","15"
"Raspberry Tea","7","2.20","15.40","15"
"Red White and Green","7","10.20","71.40","15"
"Shrimp Burrito","23","8.98","206.45","15"
"Shrimp Fajitas","12","13.93","167.10","15"
"Shrimp n Scallops Pica","2","9.90","19.80","15"
"Shrimp Quesadilla","14","10.30","144.20","15"
"Side Cheese","6","1.70","10.20","15"
"Side Guacamole","38","1.70","64.60","15"
"Side pico de gallo","5","1.70","8.50","15"
"Side Refried Beans","33","1.90","62.70","15"
"Side Rice","73","1.90","138.70","15"
"Side Salsa Large","9","2.50","22.50","15"
"Side Salsa small","2","1.70","3.40","15"
"Side Sour Cream","34","0.70","23.80","15"
"Side Veggie Beans","1","1.90","1.90","15"
"Signle Carne Asada Tac","36","3.40","122.40","15"
"Signle Carne Asada Tac -","61","1.00","61.00","15"
"Sing Chick Fiest Taco","7","3.40","23.80","15"
"Single Camarones Taco","7","3.60","25.20","15"
"Single Carnitas Taco","18","3.40","61.20","15"
"Single Carnitas Taco - 1","109","1.00","109.00","15"
"Single Chicken Taco","32","3.40","108.80","15"
"Single Chicken Taco - 1T","60","1.00","60.00","15"
"Single Chorizo Taco","8","3.40","27.20","15"
"Single Fried Fish Taco","9","3.60","32.40","15"
"Single Grill Fish Taco","21","3.60","75.60","15"
"Single Tacos Rancheros","10","3.40","34.00","15"
"Single Tamale","25","3.99","99.75","15"
"Single Veggie Taco","4","3.40","13.60","15"
"Smothered Burrito","85","8.95","760.95","15"
"Soup of The Day","6","3.82","22.94","15"
"Sprite","2","2.20","4.40","15"
"Steak Burrito","27","8.62","232.70","15"
"Steak Fajitas","17","12.89","219.19","15"
"Steak Quesadillas","5","10.15","50.75","15"
"Steak Verde","10","12.80","128.00","15"
"Strawberry Jarrito","3","2.60","7.80","15"
"Taco Salad","21","10.71","224.91","15"
"Tamale Platter","6","13.99","83.94","15"
"Tilapia Jalisco","1","12.80","12.80","15"
"Tres Leches","15","5.10","76.50","15"
"Veggie Fajitas","6","12.80","76.80","15"
"Veggie Quesadill","6","9.10","54.60","15"
"Add Chorizo","15","2.00","30.00","16"
"Avo / Port Salad","14","11.73","164.18","16"
"Bean veggie Burrito","24","8.31","199.49","16"
"Bistek Guadalajara","18","13.80","248.40","16"
"bottle Juice","7","3.08","21.59","16"
"Bottled Water","24","1.99","47.76","16"
"Burrito Verde","55","8.90","489.50","16"
"Carnitas","40","10.30","412.00","16"
"Carnitas Burrito","6","8.39","50.35","16"
"Ceviche Acapulco","32","9.90","316.80","16"
"Ceviche Tilapia","12","8.60","103.20","16"
"Cheese Quesadilla","35","8.80","308.00","16"
"Chicken Burrito","56","8.14","456.10","16"
"Chicken Fajitas","85","12.00","1020.13","16"
"Chicken Flautas","32","7.90","252.80","16"
"Chicken Quesadilla","64","9.29","594.56","16"
"Chili Burrito","10","8.77","87.75","16"
"Chili Nachos","33","9.20","303.60","16"
"Chips and Salsa_","312","3.80","1185.60","16"
"Churro Sundae","4","4.90","19.60","16"
"Coke","7","2.20","15.40","16"
"Crab Enchiladas Verdes","16","11.80","188.80","16"
"Diet Coke","3","2.20","6.60","16"
"Enchiladas De Camaron","25","10.80","270.00","16"
"Enchiladas Mexicanas","135","9.82","1325.50","16"
"Enchiladas Nortenas","8","10.30","82.40","16"
"Enchiladas Verdes","116","9.80","1136.80","16"
"Ensalada Adobo","6","9.60","57.60","16"
"Ensalada El Sol","8","8.61","68.85","16"
"Ensalada Romana","4","11.22","44.86","16"
"Fajita Burrito","54","8.96","484.10","16"
"Fajita Salad","7","9.39","65.75","16"
"Fajitas De Mariscos","5","14.80","74.00","16"
"Fajitas Mixtas","69","13.88","957.67","16"
"Fiesta Salad","13","10.32","134.19","16"
"Flan","12","4.90","58.80","16"
"Flautas Zapata","60","9.80","588.00","16"
"Fountain","577","2.20","1269.40","16"
"Fried Ice Cream","15","4.90","73.50","16"
"Guacamole","137","7.90","1082.30","16"
"Huevos Con Burrito","18","8.10","145.80","16"
"Huevos Rancheros","10","10.80","108.00","16"
"Kids Cup","7","1.69","11.83","16"
"Mandarin Jarrito","9","2.60","23.40","16"
"Mango Jarrito","8","2.60","20.80","16"
"Mexican COKE","36","2.99","107.64","16"
"Mexican Soda","139","2.60","361.40","16"
"Misc","156","2.19","342.01","16"
"Mixed Taco Platter","125","10.60","1325.00","16"
"Personal Chips n Salsa","64","2.40","153.60","16"
"Pineapple Jarrito","5","2.60","13.00","16"
"Platt Carne Asada Taco","112","9.91","1110.39","16"
"Platt Chick Fiest Taco","21","9.90","207.90","16"
"Platt Fried Fish Taco","20","10.60","212.00","16"
"Platt Grill Fish Tacos","43","10.60","455.80","16"
"Platter Camarones Taco","45","10.60","477.00","16"
"Platter Carnitas Tacos","36","9.90","356.40","16"
"Platter Chicken Tacos","63","9.90","623.70","16"
"Platter Chorizo Tacos","16","9.90","158.40","16"
"Platter Veggie Tacos","25","9.90","247.50","16"
"PlatterTacos Rancheros","50","9.90","495.00","16"
"Pollo Costeno","12","12.80","153.60","16"
"Pollo Verde","25","12.80","320.00","16"
"Pull Pork Enchilada","19","10.80","205.20","16"
"Queso blanco","50","5.80","290.00","16"
"Raspberry Tea","4","2.20","8.80","16"
"Red White and Green","12","10.20","122.40","16"
"Shrimp Burrito","40","9.07","363.00","16"
"Shrimp Fajitas","15","13.91","208.59","16"
"Shrimp n Scallops Pica","12","9.90","118.80","16"
"Shrimp Quesadilla","28","10.30","288.40","16"
"Side Cheese","15","1.70","25.50","16"
"Side Guacamole","65","1.70","110.50","16"
"Side pico de gallo","3","1.70","5.10","16"
"Side Refried Beans","40","1.90","76.00","16"
"Side Rice","89","1.90","169.10","16"
"Side Salsa Large","15","2.50","37.50","16"
"Side Salsa small","3","1.70","5.10","16"
"Side Sour Cream","71","0.70","49.70","16"
"Signle Carne Asada Tac","73","3.40","248.20","16"
"Signle Carne Asada Tac -","200","1.00","200.00","16"
"Sing Chick Fiest Taco","9","3.40","30.60","16"
"Single Camarones Taco","8","3.60","28.80","16"
"Single Carnitas Taco","20","3.40","68.00","16"
"Single Carnitas Taco - 1","159","1.00","159.00","16"
"Single Chicken Taco","60","3.40","204.00","16"
"Single Chicken Taco - 1T","104","1.00","104.00","16"
"Single Chorizo Taco","21","3.40","71.40","16"
"Single Fried Fish Taco","13","3.60","46.80","16"
"Single Grill Fish Taco","20","3.60","72.00","16"
"Single Tacos Rancheros","11","3.40","37.40","16"
"Single Tamale","33","3.99","131.67","16"
"Single Veggie Taco","9","3.40","30.60","16"
"Smothered Burrito","149","8.93","1330.10","16"
"Soup of The Day","15","3.86","57.85","16"
"Sprite","4","2.20","8.80","16"
"Steak Burrito","52","8.34","433.45","16"
"Steak Fajitas","32","12.82","410.10","16"
"Steak Quesadillas","14","10.15","142.10","16"
"Steak Verde","15","12.80","192.00","16"
"Strawberry Jarrito","3","2.60","7.80","16"
"Taco Salad","68","10.75","731.14","16"
"Tamale Platter","7","13.99","97.93","16"
"Tilapia Jalisco","3","12.80","38.40","16"
"Tres Leches","17","5.10","86.70","16"
"Veggie Fajitas","7","12.80","89.60","16"
"Veggie Quesadill","4","9.10","36.40","16"
"Add Chorizo","20","2.00","40.00","17"
"Avo / Port Salad","47","10.84","509.66","17"
"Bean veggie Burrito","63","8.46","533.05","17"
"Bistek Guadalajara","60","13.82","829.00","17"
"bottle Juice","10","3.12","31.22","17"
"Bottled Water","50","1.99","99.50","17"
"Burrito Verde","130","8.88","1155.00","17"
"Carnitas","71","10.30","731.30","17"
"Carnitas Burrito","28","8.47","237.30","17"
"Ceviche Acapulco","47","9.90","465.30","17"
"Ceviche Tilapia","31","8.60","266.60","17"
"Cheese Quesadilla","80","8.80","704.00","17"
"Chicken Burrito","132","8.18","1079.20","17"
"Chicken Fajitas","149","12.04","1793.85","17"
"Chicken Flautas","73","7.90","576.70","17"
"Chicken Quesadilla","177","9.29","1644.33","17"
"Chili Burrito","36","9.18","330.60","17"
"Chili Nachos","67","9.20","616.40","17"
"Chips and Salsa_","713","3.80","2709.40","17"
"Churro Sundae","10","4.90","49.00","17"
"Coke","24","2.20","52.80","17"
"Crab Enchiladas Verdes","39","11.82","460.95","17"
"Cup","2","0.25","0.50","17"
"Diet Coke","16","2.20","35.20","17"
"Enchiladas De Camaron","73","10.80","788.40","17"
"Enchiladas Mexicanas","288","9.80","2822.65","17"
"Enchiladas Nortenas","16","10.30","164.80","17"
"Enchiladas Verdes","222","9.80","2175.60","17"
"Ensalada Adobo","36","9.71","349.60","17"
"Ensalada El Sol","13","9.14","118.78","17"
"Ensalada Romana","10","10.44","104.43","17"
"Fajita Burrito","131","9.09","1191.40","17"
"Fajita Salad","22","10.00","220.10","17"
"Fajitas De Mariscos","13","14.84","192.90","17"
"Fajitas Mixtas","127","13.88","1762.96","17"
"Fiesta Salad","17","10.68","181.54","17"
"Flan","17","4.90","83.30","17"
"Flautas Zapata","117","9.81","1147.35","17"
"Fountain","1206","2.20","2653.20","17"
"Fried Ice Cream","29","4.90","142.10","17"
"Grapefruit Jarrito","4","2.60","10.40","17"
"Guacamole","287","7.90","2267.30","17"
"Huevos Con Burrito","24","8.25","197.90","17"
"Huevos Rancheros","18","10.80","194.40","17"
"Kids Cup","21","1.69","35.49","17"
"Mandarin Jarrito","17","2.60","44.20","17"
"Mango Jarrito","26","2.60","67.60","17"
"Mexican COKE","54","2.99","161.46","17"
"Mexican Soda","172","2.60","447.20","17"
"Misc","366","2.69","983.73","17"
"Mixed Taco Platter","262","10.61","2778.79","17"
"Personal Chips n Salsa","122","2.40","292.80","17"
"Pineapple Jarrito","29","2.60","75.40","17"
"Pitcher Margarita","1","12.00","12.00","17"
"Platt Carne Asada Taco","211","9.91","2090.49","17"
"Platt Chick Fiest Taco","59","9.90","584.10","17"
"Platt Fried Fish Taco","45","10.60","477.00","17"
"Platt Grill Fish Tacos","95","10.60","1007.00","17"
"Platter Camarones Taco","78","10.60","826.80","17"
"Platter Carnitas Tacos","107","9.90","1059.30","17"
"Platter Chicken Tacos","128","9.92","1269.79","17"
"Platter Chorizo Tacos","37","9.90","366.30","17"
"Platter Veggie Tacos","43","9.90","425.70","17"
"PlatterTacos Rancheros","121","9.90","1197.90","17"
"Pollo Costeno","40","12.80","512.00","17"
"Pollo Verde","34","12.80","435.20","17"
"Pull Pork Enchilada","39","10.80","421.20","17"
"Queso blanco","120","5.80","696.50","17"
"Raspberry Tea","11","2.20","24.20","17"
"Red White and Green","38","10.20","387.60","17"
"Shrimp Burrito","106","9.38","994.15","17"
"Shrimp Fajitas","47","13.95","655.46","17"
"Shrimp n Scallops Pica","18","9.93","178.70","17"
"Shrimp Quesadilla","32","10.30","329.60","17"
"Side Cheese","20","1.80","36.09","17"
"Side Guacamole","128","1.70","217.60","17"
"Side pico de gallo","13","1.70","22.10","17"
"Side Refried Beans","68","1.90","129.20","17"
"Side Rice","178","1.90","338.20","17"
"Side Salsa Large","21","2.50","52.50","17"
"Side Salsa small","8","1.70","13.60","17"
"Side Sour Cream","126","0.70","88.20","17"
"Side Veggie Beans","3","1.90","5.70","17"
"Signle Carne Asada Tac","88","3.42","300.70","17"
"Sing Chick Fiest Taco","18","3.40","61.20","17"
"Single Camarones Taco","19","3.60","68.40","17"
"Single Carnitas Taco","58","3.40","197.20","17"
"Single Chicken Taco","84","3.46","290.28","17"
"Single Chorizo Taco","26","3.40","88.40","17"
"Single Fried Fish Taco","20","3.60","72.00","17"
"Single Grill Fish Taco","30","3.60","108.00","17"
"Single Tacos Rancheros","13","3.40","44.20","17"
"Single Tamale","50","3.99","199.50","17"
"Single Veggie Taco","7","3.40","23.80","17"
"Smothered Burrito","327","8.90","2911.30","17"
"Soup of The Day","11","3.90","42.89","17"
"Sprite","5","2.20","11.00","17"
"Steak Burrito","103","8.29","853.55","17"
"Steak Fajitas","74","13.02","963.32","17"
"Steak Quesadillas","14","10.15","142.10","17"
"Steak Verde","54","12.80","691.20","17"
"Strawberry Jarrito","9","2.60","23.40","17"
"Taco Salad","131","10.61","1390.41","17"
"Tamale Platter","17","13.99","237.83","17"
"Tilapia Jalisco","20","12.80","256.00","17"
"Tres Leches","44","5.10","224.40","17"
"Veggie Fajitas","17","12.80","217.60","17"
"Veggie Quesadill","10","9.10","91.00","17"
"Add Chorizo","39","2.00","78.00","18"
"Avo / Port Salad","47","10.50","493.70","18"
"Bean veggie Burrito","73","8.34","608.80","18"
"Bistek Guadalajara","67","13.80","924.60","18"
"bottle Juice","24","3.13","75.06","18"
"Bottled Water","72","1.99","143.28","18"
"Burrito Verde","183","8.91","1630.17","18"
"Carnitas","93","10.30","957.90","18"
"Carnitas Burrito","42","8.33","349.70","18"
"Ceviche Acapulco","67","9.90","663.30","18"
"Ceviche Tilapia","43","8.60","369.80","18"
"Cheese Quesadilla","84","8.85","743.60","18"
"Chicken Burrito","137","8.20","1122.95","18"
"Chicken Fajitas","158","12.07","1906.72","18"
"Chicken Flautas","94","7.90","742.60","18"
"Chicken Quesadilla","192","9.31","1788.33","18"
"Chili Burrito","30","8.95","268.50","18"
"Chili Nachos","63","9.23","581.19","18"
"Chips and Salsa_","862","3.80","3275.60","18"
"Churro Sundae","19","4.90","93.10","18"
"Coke","20","2.20","44.00","18"
"Crab Enchiladas Verdes","45","11.80","531.00","18"
"Diet Coke","22","2.20","48.40","18"
"Enchiladas De Camaron","68","10.80","734.40","18"
"Enchiladas Mexicanas","361","9.80","3537.80","18"
"Enchiladas Nortenas","19","10.30","195.70","18"
"Enchiladas Verdes","334","9.81","3277.04","18"
"Ensalada Adobo","52","9.83","511.21","18"
"Ensalada El Sol","30","8.29","248.84","18"
"Ensalada Romana","23","11.31","260.08","18"
"Fajita Burrito","176","9.16","1611.65","18"
"Fajita Salad","34","10.23","347.80","18"
"Fajitas De Mariscos","14","14.96","209.49","18"
"Fajitas Mixtas","171","13.95","2386.21","18"
"Fiesta Salad","25","10.31","257.78","18"
"Flan","20","4.90","98.00","18"
"Flautas Zapata","112","9.80","1097.60","18"
"Fountain","1695","2.20","3729.00","18"
"Fried Ice Cream","65","4.90","318.50","18"
"Glass Margarita","5","3.50","17.50","18"
"Grapefruit Jarrito","7","2.60","18.20","18"
"Guacamole","382","7.91","3021.75","18"
"Huevos Con Burrito","34","8.51","289.40","18"
"Huevos Rancheros","23","10.80","248.40","18"
"Kids Cup","29","1.69","49.01","18"
"Lemonade","1","2.09","2.09","18"
"Mandarin Jarrito","18","2.60","46.80","18"
"Mango Jarrito","28","2.60","72.80","18"
"Mexican COKE","58","2.99","173.42","18"
"Mexican Soda","227","2.60","590.20","18"
"Misc","344","2.42","833.14","18"
"Mixed Taco Platter","338","10.60","3582.80","18"
"Personal Chips n Salsa","155","2.40","372.00","18"
"Pineapple Jarrito","23","2.60","59.80","18"
"Platt Carne Asada Taco","238","9.90","2356.20","18"
"Platt Chick Fiest Taco","67","9.90","663.30","18"
"Platt Fried Fish Taco","47","10.60","498.20","18"
"Platt Grill Fish Tacos","132","10.60","1399.20","18"
"Platter Camarones Taco","107","10.60","1134.20","18"
"Platter Carnitas Tacos","108","9.90","1069.20","18"
"Platter Chicken Tacos","173","9.91","1715.04","18"
"Platter Chorizo Tacos","48","9.90","475.20","18"
"Platter Veggie Tacos","65","9.94","645.84","18"
"PlatterTacos Rancheros","162","9.90","1603.80","18"
"Pollo Costeno","53","12.80","678.40","18"
"Pollo Verde","52","12.80","665.60","18"
"Pull Pork Enchilada","68","10.80","734.40","18"
"Queso blanco","154","5.82","896.10","18"
"Raspberry Tea","14","2.20","30.80","18"
"Red White and Green","23","10.20","234.60","18"
"Shrimp Burrito","98","9.24","905.45","18"
"Shrimp Fajitas","47","13.98","657.28","18"
"Shrimp n Scallops Pica","11","9.95","109.40","18"
"Shrimp Quesadilla","44","10.30","453.20","18"
"Side Cheese","30","1.70","51.00","18"
"Side Guacamole","144","1.70","244.80","18"
"Side pico de gallo","20","1.70","34.00","18"
"Side Refried Beans","96","1.90","182.40","18"
"Side Rice","253","1.90","480.70","18"
"Side Salsa Large","33","2.50","82.50","18"
"Side Salsa small","11","1.70","18.70","18"
"Side Sour Cream","159","0.70","111.30","18"
"Side Veggie Beans","16","1.90","30.40","18"
"Signle Carne Asada Tac","155","3.40","527.00","18"
"Sing Chick Fiest Taco","19","3.40","64.60","18"
"Single Camarones Taco","33","3.60","118.80","18"
"Single Carnitas Taco","64","3.40","217.60","18"
"Single Chicken Taco","109","3.48","379.03","18"
"Single Chorizo Taco","39","3.40","132.60","18"
"Single Fried Fish Taco","22","3.60","79.20","18"
"Single Grill Fish Taco","53","3.60","190.80","18"
"Single Tacos Rancheros","26","3.40","88.40","18"
"Single Tamale","87","3.99","347.13","18"
"Single Veggie Taco","21","3.40","71.40","18"
"Smothered Burrito","425","8.92","3789.50","18"
"Soup of The Day","36","3.93","141.64","18"
"Sprite","8","2.20","17.60","18"
"Steak Burrito","116","8.45","980.60","18"
"Steak Fajitas","90","13.06","1175.42","18"
"Steak Quesadillas","17","10.15","172.55","18"
"Steak Verde","51","12.70","647.80","18"
"Strawberry Jarrito","16","2.60","41.60","18"
"Taco Salad","154","10.63","1636.52","18"
"Tamale Platter","17","13.99","237.83","18"
"Tilapia Jalisco","27","12.80","345.60","18"
"Tres Leches","46","5.10","234.60","18"
"Veggie Fajitas","38","12.90","490.28","18"
"Veggie Quesadill","19","9.10","172.90","18"
"Add Chorizo","29","2.00","58.00","19"
"Avo / Port Salad","39","11.13","434.05","19"
"Bean veggie Burrito","67","8.31","556.70","19"
"Bistek Guadalajara","51","13.80","703.80","19"
"bottle Juice","16","3.07","49.16","19"
"Bottled Water","61","1.99","121.39","19"
"Burrito Verde","131","8.90","1165.90","19"
"Carnitas","55","10.26","564.50","19"
"Carnitas Burrito","34","8.56","291.15","19"
"Ceviche Acapulco","43","9.90","425.70","19"
"Ceviche Tilapia","29","8.60","249.40","19"
"Cheese Quesadilla","44","8.80","387.20","19"
"Chicken Burrito","138","8.17","1127.55","19"
"Chicken Fajitas","105","12.03","1263.40","19"
"Chicken Flautas","67","7.90","529.30","19"
"Chicken Quesadilla","149","9.29","1384.21","19"
"Chili Burrito","27","8.99","242.70","19"
"Chili Nachos","34","9.34","317.40","19"
"Chips and Salsa_","540","3.80","2052.00","19"
"Churro Sundae","17","4.90","83.30","19"
"Coke","31","2.20","68.20","19"
"Crab Enchiladas Verdes","33","11.80","389.40","19"
"Cup","1","0.25","0.25","19"
"Diet Coke","25","2.20","55.00","19"
"Enchiladas De Camaron","42","10.80","453.60","19"
"Enchiladas Mexicanas","258","9.80","2528.65","19"
"Enchiladas Nortenas","13","10.30","133.90","19"
"Enchiladas Verdes","199","9.81","1951.95","19"
"Ensalada Adobo","14","9.96","139.41","19"
"Ensalada El Sol","14","9.08","127.08","19"
"Ensalada Romana","15","10.62","159.37","19"
"Fajita Burrito","131","9.25","1211.40","19"
"Fajita Salad","32","10.22","326.99","19"
"Fajitas De Mariscos","21","14.80","310.80","19"
"Fajitas Mixtas","134","13.90","1862.15","19"
"Fiesta Salad","22","9.80","215.57","19"
"Flan","19","4.90","93.10","19"
"Flautas Zapata","85","9.82","835.00","19"
"Fountain","1070","2.20","2354.00","19"
"Fried Ice Cream","46","4.90","225.40","19"
"Glass Margarita","7","3.50","24.50","19"
"Grapefruit Jarrito","5","2.60","13.00","19"
"Guacamole","272","7.91","2152.75","19"
"Huevos Con Burrito","27","8.36","225.70","19"
"Huevos Rancheros","11","10.80","118.80","19"
"Kids Cup","11","1.69","18.59","19"
"Lemonade","1","2.09","2.09","19"
"Mandarin Jarrito","24","2.60","62.40","19"
"Mango Jarrito","29","2.60","75.40","19"
"Mexican COKE","39","2.99","116.61","19"
"Mexican Soda","195","2.60","507.00","19"
"Misc","273","2.26","617.40","19"
"Mixed Taco Platter","237","10.61","2513.79","19"
"Personal Chips n Salsa","141","2.40","338.40","19"
"Pineapple Jarrito","20","2.60","52.00","19"
"Pitcher Margarita","1","12.00","12.00","19"
"Platt Carne Asada Taco","172","9.93","1708.57","19"
"Platt Chick Fiest Taco","62","9.90","613.80","19"
"Platt Fried Fish Taco","24","10.60","254.40","19"
"Platt Grill Fish Tacos","83","10.60","879.80","19"
"Platter Camarones Taco","78","10.60","826.80","19"
"Platter Carnitas Tacos","79","9.92","783.69","19"
"Platter Chicken Tacos","120","9.93","1191.18","19"
"Platter Chorizo Tacos","38","9.90","376.20","19"
"Platter Veggie Tacos","52","9.90","514.80","19"
"PlatterTacos Rancheros","120","9.91","1189.59","19"
"Pollo Costeno","30","12.80","384.00","19"
"Pollo Verde","38","12.80","486.40","19"
"Pull Pork Enchilada","23","10.80","248.40","19"
"Queso blanco","124","5.80","719.20","19"
"Raspberry Tea","24","2.20","52.80","19"
"Red White and Green","17","10.20","173.40","19"
"Shrimp Burrito","78","9.30","725.70","19"
"Shrimp Fajitas","36","13.93","501.48","19"
"Shrimp n Scallops Pica","10","9.90","99.00","19"
"Shrimp Quesadilla","34","10.30","350.20","19"
"Side Cheese","18","1.70","30.60","19"
"Side Guacamole","123","1.70","209.10","19"
"Side pico de gallo","15","1.70","25.50","19"
"Side Refried Beans","82","1.90","155.80","19"
"Side Rice","188","1.90","357.20","19"
"Side Salsa Large","27","2.50","67.50","19"
"Side Salsa small","11","1.70","18.70","19"
"Side Sour Cream","133","0.70","93.10","19"
"Side Veggie Beans","7","1.90","13.30","19"
"Signle Carne Asada Tac","100","3.46","346.36","19"
"Sing Chick Fiest Taco","17","3.40","57.80","19"
"Single Camarones Taco","17","3.60","61.20","19"
"Single Carnitas Taco","52","3.40","176.80","19"
"Single Chicken Taco","81","3.40","275.40","19"
"Single Chorizo Taco","25","3.40","85.00","19"
"Single Fried Fish Taco","14","3.60","50.40","19"
"Single Grill Fish Taco","36","3.60","129.60","19"
"Single Tacos Rancheros","30","3.40","102.00","19"
"Single Tamale","70","3.99","279.30","19"
"Single Veggie Taco","16","3.40","54.40","19"
"Smothered Burrito","307","8.91","2735.80","19"
"Soup of The Day","14","3.92","54.86","19"
"Sprite","13","2.20","28.60","19"
"Steak Burrito","89","8.39","747.15","19"
"Steak Fajitas","79","12.96","1023.92","19"
"Steak Quesadillas","4","10.15","40.60","19"
"Steak Verde","33","12.85","423.99","19"
"Strawberry Jarrito","11","2.60","28.60","19"
"Taco Salad","87","10.34","899.52","19"
"Tamale Platter","17","13.99","237.83","19"
"Tilapia Jalisco","13","12.80","166.40","19"
"Tres Leches","28","5.10","142.80","19"
"Veggie Fajitas","15","12.80","192.00","19"
"Veggie Quesadill","19","9.10","172.90","19"
"Add Chorizo","14","2.00","28.00","20"
"Avo / Port Salad","12","11.77","141.30","20"
"Bean veggie Burrito","32","8.32","266.20","20"
"Bistek Guadalajara","15","13.80","207.00","20"
"bottle Juice","7","3.18","22.25","20"
"Bottled Water","22","1.99","43.78","20"
"Burrito Verde","50","8.90","445.00","20"
"Carnitas","27","10.30","278.10","20"
"Carnitas Burrito","25","8.31","207.75","20"
"Ceviche Acapulco","14","9.90","138.60","20"
"Ceviche Tilapia","12","8.60","103.20","20"
"Cheese Quesadilla","27","8.80","237.60","20"
"Chicken Burrito","48","8.12","389.55","20"
"Chicken Fajitas","52","11.80","613.60","20"
"Chicken Flautas","32","7.90","252.80","20"
"Chicken Quesadilla","89","9.29","826.81","20"
"Chili Burrito","14","8.85","123.90","20"
"Chili Nachos","18","9.20","165.60","20"
"Chips and Salsa_","216","3.80","820.80","20"
"Churro Sundae","5","4.90","24.50","20"
"Coke","10","2.20","22.00","20"
"Crab Enchiladas Verdes","12","11.80","141.60","20"
"Diet Coke","4","2.20","8.80","20"
"Enchiladas De Camaron","15","10.80","162.00","20"
"Enchiladas Mexicanas","114","9.80","1117.20","20"
"Enchiladas Nortenas","2","10.30","20.60","20"
"Enchiladas Verdes","111","9.80","1087.80","20"
"Ensalada Adobo","1","9.60","9.60","20"
"Ensalada El Sol","8","9.35","74.83","20"
"Ensalada Romana","4","9.97","39.87","20"
"Fajita Burrito","39","9.21","359.35","20"
"Fajita Salad","4","9.52","38.07","20"
"Fajitas De Mariscos","5","14.80","74.00","20"
"Fajitas Mixtas","61","14.02","854.95","20"
"Fiesta Salad","14","10.09","141.30","20"
"Flan","16","4.90","78.40","20"
"Flautas Zapata","35","9.80","343.00","20"
"Fountain","415","2.20","913.00","20"
"Fried Ice Cream","42","4.90","205.80","20"
"Glass Margarita","2","3.50","7.00","20"
"Grapefruit Jarrito","2","2.60","5.20","20"
"Guacamole","119","7.93","944.05","20"
"Huevos Con Burrito","10","8.10","81.00","20"
"Huevos Rancheros","5","10.80","54.00","20"
"Kids Cup","5","1.69","8.45","20"
"Mandarin Jarrito","12","2.60","31.20","20"
"Mango Jarrito","17","2.60","44.20","20"
"Mexican COKE","30","2.99","89.70","20"
"Mexican Soda","123","2.60","319.80","20"
"Misc","112","2.26","252.95","20"
"Mixed Taco Platter","141","10.61","1495.60","20"
"Personal Chips n Salsa","85","2.40","204.00","20"
"Pineapple Jarrito","5","2.60","13.00","20"
"Platt Carne Asada Taco","119","9.93","1182.03","20"
"Platt Chick Fiest Taco","29","9.90","287.10","20"
"Platt Fried Fish Taco","14","10.60","148.40","20"
"Platt Grill Fish Tacos","45","10.60","477.00","20"
"Platter Camarones Taco","31","10.60","328.60","20"
"Platter Carnitas Tacos","35","9.90","346.50","20"
"Platter Chicken Tacos","58","9.93","575.79","20"
"Platter Chorizo Tacos","13","9.90","128.70","20"
"Platter Veggie Tacos","12","10.03","120.39","20"
"PlatterTacos Rancheros","51","9.90","504.90","20"
"Pollo Costeno","13","12.80","166.40","20"
"Pollo Verde","12","12.80","153.60","20"
"Pull Pork Enchilada","8","10.80","86.40","20"
"Queso blanco","53","5.80","307.40","20"
"Raspberry Tea","9","2.20","19.80","20"
"Red White and Green","5","10.20","51.00","20"
"Shrimp Burrito","41","9.20","377.15","20"
"Shrimp Fajitas","19","14.16","268.97","20"
"Shrimp n Scallops Pica","4","9.90","39.60","20"
"Shrimp Quesadilla","13","10.30","133.90","20"
"Side Cheese","11","1.70","18.70","20"
"Side Guacamole","49","1.71","83.80","20"
"Side pico de gallo","7","1.70","11.90","20"
"Side Refried Beans","30","1.90","57.00","20"
"Side Rice","72","1.90","136.80","20"
"Side Salsa Large","10","2.50","25.00","20"
"Side Salsa small","6","1.70","10.20","20"
"Side Sour Cream","41","0.70","28.70","20"
"Side Veggie Beans","1","1.90","1.90","20"
"Signle Carne Asada Tac","65","3.42","222.59","20"
"Sing Chick Fiest Taco","4","3.40","13.60","20"
"Single Camarones Taco","18","3.60","64.80","20"
"Single Carnitas Taco","25","3.40","85.00","20"
"Single Chicken Taco","37","3.40","125.80","20"
"Single Chorizo Taco","16","3.40","54.40","20"
"Single Fried Fish Taco","9","3.60","32.40","20"
"Single Grill Fish Taco","18","3.60","64.80","20"
"Single Tacos Rancheros","15","3.40","51.00","20"
"Single Tamale","35","3.99","139.65","20"
"Single Veggie Taco","3","3.40","10.20","20"
"Smothered Burrito","111","8.90","988.40","20"
"Soup of The Day","12","3.99","47.88","20"
"Sprite","6","2.20","13.20","20"
"Steak Burrito","45","8.54","384.50","20"
"Steak Fajitas","27","12.80","345.60","20"
"Steak Quesadillas","5","10.15","50.75","20"
"Steak Verde","9","12.80","115.20","20"
"Strawberry Jarrito","9","2.60","23.40","20"
"Taco Salad","44","9.90","435.63","20"
"Tamale Platter","6","13.99","83.94","20"
"Tilapia Jalisco","7","12.80","89.60","20"
"Tres Leches","27","5.10","137.70","20"
"Veggie Fajitas","6","12.92","77.55","20"
"Veggie Quesadill","13","9.10","118.30","20"
"Bean veggie Burrito","1","8.10","8.10","21"
"Burrito Verde","1","8.90","8.90","21"
"Ceviche Acapulco","1","9.90","9.90","21"
"Chips and Salsa_","1","3.80","3.80","21"
"Enchiladas Verdes","1","9.80","9.80","21"
"Fajita Burrito","1","8.90","8.90","21"
"Fajita Salad","1","9.89","9.89","21"
"Fountain","1","2.20","2.20","21"
"Fried Ice Cream","2","4.90","9.80","21"
"Guacamole","1","7.90","7.90","21"
"Mexican Soda","1","2.60","2.60","21"
"Misc","1","0.00","0.00","21"
"Mixed Taco Platter","1","10.60","10.60","21"
"Platt Carne Asada Taco","1","9.90","9.90","21"
"Platt Chick Fiest Taco","1","9.90","9.90","21"
"Platter Carnitas Tacos","1","9.90","9.90","21"
"PlatterTacos Rancheros","2","9.90","19.80","21"
"Queso blanco","1","5.80","5.80","21"
"Shrimp Quesadilla","1","10.30","10.30","21"
"Side Guacamole","1","1.70","1.70","21"
"Side Salsa Large","1","2.50","2.50","21"
"Signle Carne Asada Tac","2","3.40","6.80","21"
"Steak Quesadillas","1","10.15","10.15","21"
"Taco Salad","1","10.59","10.59","21"
"Tres Leches","5","5.10","25.50","21"
